,B index,Bmod coil (mT),Bmod coil std (mT),Bmod measured (mT),Bmod measured std (mT),Bx coil (mT),Bx coil std (mT),Bx measured (mT),Bx measured std (mT),By coil (mT),By coil std (mT),By measured (mT),By measured std (mT),Bz coil (mT),Bz coil std (mT),Bz measured (mT),Bz measured std (mT),avg,contrast 2,contrast 4,contrast 6,contrast 8,contrast std 2,contrast std 4,contrast std 6,contrast std 8,dev (MHz),width 2,width 4,width 6,width 8,width std 2,width std 4,width std 6,width std 8
0,0.0,3.614441495697365e-05,0.012804641144116263,0.02147808,0.0009046653137084236,1.0017201766816114e-05,-0.0031361311865470507,0.00614792,0.0010575096289203514,-1.5357546495071983e-05,-0.008394968029567814,-0.0031580900000000005,0.0029128777637044694,3.1148357372363934e-05,-0.00914592957511134,0.018123109999999998,0.0013115786688397899,8.0,0.008524456853701463,0.005184712951467973,0.00584983049637672,0.016389943978920206,7.36463660750807e-05,9.10156525913636e-05,7.850171151033463e-05,9.513883542562151e-05,20.0,9.740453451951383,12.977766401079696,13.540468477694963,12.3835088968782,0.19437615170327777,0.34396255858282043,0.5156130148264491,0.07878152966565559
1,0.0,3.614441495697365e-05,0.012804641144116263,0.018422920000000002,0.0008803761907472101,1.0017201766816114e-05,-0.0031361311865470507,0.0013135100000000002,0.001038125481776447,-1.5357546495071983e-05,-0.008394968029567814,-0.002226,0.0013203720471757054,3.1148357372363934e-05,-0.00914592957511134,0.017627169999999998,0.0008189763448022653,16.0,0.009546007634490322,0.005290745977940917,0.005883352574667331,0.015994191447777407,8.805568554448264e-05,6.285940490360735e-05,6.405480140606977e-05,0.0004162215610595703,20.0,10.499351811610767,13.192071316848535,14.094827089772522,12.217132750873954,0.09609001799238942,0.38143477531474146,0.36919554537857674,0.11271462383790641
2,0.0,3.614441495697365e-05,0.012804641144116263,0.014902049999999998,0.00035801437320274316,1.0017201766816114e-05,-0.0031361311865470507,0.00079118,0.0003675553583232039,-1.5357546495071983e-05,-0.008394968029567814,-0.0018098000000000003,0.000623089643591207,3.1148357372363934e-05,-0.00914592957511134,0.014627000000000001,0.0003547962590446788,64.0,0.010441725048058246,0.005333321104128211,0.005944348112913203,0.01601790539466924,4.630537574668864e-05,3.9432185595432826e-05,3.848397782548554e-05,2.445973645556153e-05,20.0,10.703640695588584,13.178963252430492,13.988872041114869,12.030670276452046,0.03997077059036275,0.18812228891660904,0.24793208912484982,0.03331484764261923
3,0.0,3.614441495697365e-05,0.012804641144116263,0.029236779999999997,0.0025471476183331516,1.0017201766816114e-05,-0.0031361311865470507,0.01010572,0.0015036080394327887,-1.5357546495071983e-05,-0.008394968029567814,-0.014095580000000003,0.0026225341270620177,3.1148357372363934e-05,-0.00914592957511134,0.021586310000000004,0.002866146471468892,8.0,0.006031431479149599,0.004736933924019107,0.00513011674383425,0.015814160026922885,0.00021484588969703145,9.097594360481377e-05,0.0001934863664232862,0.00010921673138497145,16.0,14.11723922343505,11.879947344400723,13.607230688172086,13.22958003653936,0.5242622472242225,0.6195010281795816,0.919079729564522,0.24920667917860517
4,0.0,3.614441495697365e-05,0.012804641144116263,0.7843611300000002,0.1189813041493547,1.0017201766816114e-05,-0.0031361311865470507,0.4060644200000001,0.05976619755669691,-1.5357546495071983e-05,-0.008394968029567814,-0.34042713,0.049039288651936144,3.1148357372363934e-05,-0.00914592957511134,-0.57789828,0.09076666853388936,4.0,0.0015357362638281499,0.004976073995245106,0.004927378469572882,0.016188367435988525,0.0005240106822337292,0.0001603352097750935,0.0005210462884618721,0.00016008063911559923,16.0,5.997566887113133,12.535613277861279,11.866579901236754,13.869661959522494,2.723709326792657,0.6792282697725373,2.4725248858519877,0.24312456823541498
5,0.0,3.614441495697365e-05,0.012804641144116263,0.02520943,0.001160101988497584,1.0017201766816114e-05,-0.0031361311865470507,0.0049745,0.0008890840752367046,-1.5357546495071983e-05,-0.008394968029567814,-0.00247925,0.001445271437554163,3.1148357372363934e-05,-0.00914592957511134,0.024057610000000004,0.0012878146464332131,16.0,0.00836711680012955,0.004877652854825274,0.005423300512766112,0.015511161394533509,8.757493996311414e-05,9.037458028003472e-05,0.00011216553457428166,0.00014821478875825535,16.0,12.511940541352491,12.33465442314543,13.613925735074698,12.845590983488188,0.2505110524722882,0.3840685696975765,0.444426021801854,0.18203353643876682
6,0.0,3.614441495697365e-05,0.012804641144116263,0.02696411,0.0006483432983048332,1.0017201766816114e-05,-0.0031361311865470507,0.004194970000000002,0.000453565607175352,-1.5357546495071983e-05,-0.008394968029567814,-0.00017899999999999996,0.0006277068306026191,3.1148357372363934e-05,-0.00914592957511134,0.026541380000000003,0.0006607305750380586,64.0,0.01012790046312549,0.004922827644135741,0.005620467341278678,0.015200997464758694,6.191599533146656e-05,3.79472114684205e-05,5.581491978626068e-05,7.948910521404845e-05,16.0,12.110275835447494,12.299697082898204,13.700316440922432,12.714822628242423,0.16394341276051985,0.16360482577003796,0.16673178643411726,0.11626284660005119
7,0.0,3.614441495697365e-05,0.012804641144116263,0.04854289,0.0025298628052612742,1.0017201766816114e-05,-0.0031361311865470507,0.02608742,0.002034101445677831,-1.5357546495071983e-05,-0.008394968029567814,-0.03001516000000001,0.0028600634559652954,3.1148357372363934e-05,-0.00914592957511134,-0.025925410000000006,0.002603215160615194,4.0,0.007002234825012327,0.005566974427007219,0.00627677221437659,0.01642546195099419,0.00014740660175061656,0.00011299874183023226,0.00010014113380879207,8.403765223752183e-05,32.0,10.435171225531947,11.83761162055407,13.867291111699748,12.398607673181322,0.44064077382959743,0.39146672087052303,0.3086216511942574,0.1273186274964775
8,0.0,3.614441495697365e-05,0.012804641144116263,0.018518600000000003,0.0016185658029621531,1.0017201766816114e-05,-0.0031361311865470507,0.01264969,0.0022430757605942414,-1.5357546495071983e-05,-0.008394968029567814,-0.0055789,0.002256108998767788,3.1148357372363934e-05,-0.00914592957511134,0.0010269799999999996,0.0033329941752568808,8.0,0.008974065965964426,0.005513967347971995,0.0063556817766475815,0.016123956676333963,0.00016831044142713954,0.00011559071578260705,6.473903498750552e-05,7.116860603606192e-05,32.0,11.787808801546069,12.535625165842884,13.405808464724123,12.104571404353823,0.0981767650341425,0.2314645908822866,0.3017436372242815,0.08623172836470525
9,0.0,3.614441495697365e-05,0.012804641144116263,0.016328350000000002,0.0006403893692584685,1.0017201766816114e-05,-0.0031361311865470507,0.01013568,0.0006125988564819256,-1.5357546495071983e-05,-0.008394968029567814,0.0007207399999999999,0.0014271016234848471,3.1148357372363934e-05,-0.00914592957511134,0.01181774,0.0009615508911886459,16.0,0.010110031900088082,0.005687182019754175,0.006454941210955953,0.016452149632175856,4.011690397662216e-05,3.286652927358203e-05,5.29178712859741e-05,2.7089352737476643e-05,32.0,11.943023019935946,13.35760662300695,14.543344643883433,12.37812981514103,0.11762226061856933,0.14511280275622046,0.14430244616838994,0.05776466688071809
10,0.0,3.614441495697365e-05,0.012804641144116263,0.01698117,0.0004058514969089187,1.0017201766816114e-05,-0.0031361311865470507,-0.0019436099999999995,0.0004042500544599397,-1.5357546495071983e-05,-0.008394968029567814,-0.00814565,0.00039867843078456033,3.1148357372363934e-05,-0.00914592957511134,0.01470084,0.00032185597814343416,64.0,0.010958516738191404,0.005711160821116268,0.00643520638362048,0.016447746178987026,2.294799226167366e-05,2.0057516501311713e-05,2.2131788686861135e-05,3.42571932462911e-05,32.0,11.934593968125915,13.399596859012373,14.811737505986951,12.366733763659628,0.07665988610085409,0.11960978950586991,0.10945565239870786,0.02605312307037474
11,0.0,3.614441495697365e-05,0.012804641144116263,0.020143380000000002,0.0015627943668432638,1.0017201766816114e-05,-0.0031361311865470507,0.010477980000000001,0.0013563347961362182,-1.5357546495071983e-05,-0.008394968029567814,-0.00538744,0.0017776810053661222,3.1148357372363934e-05,-0.00914592957511134,0.014547520000000001,0.002066720264884426,4.0,0.006751328729006132,0.005156865486314718,0.005619213010532158,0.016389539101346266,0.0001249032565447681,0.00013903194639831447,5.603514461365054e-05,0.00010140928383745567,20.0,7.772392184737432,12.74147285746586,13.010178522015508,12.593998281201806,0.23541234231817323,0.5345409647574277,0.8846584795170307,0.14089622383183611
12,1.0,0.1000068160869348,0.012804641144116263,0.11496096999999997,0.0013562216846040038,0.09045004400613262,-0.0031361311865470507,0.09867980999999999,0.001375125902155065,0.029417233319615873,-0.008394968029567814,0.026358359999999997,0.0017548068283966918,0.03089950140299936,-0.00914592957511134,0.052414949999999995,0.001158182779584434,8.0,0.008633811744240752,0.005335343665208466,0.0056993181612636865,0.01636683348821956,7.021057794718065e-05,5.234460323001165e-05,0.00010079073292054996,0.00011844372244145954,20.0,9.752429076630717,12.329069032295713,12.317356453173222,11.953981192058732,0.16303149773699957,0.33252998760776065,0.6199544916868907,0.24661324736727266
13,1.0,0.1000068160869348,0.012804641144116263,0.11301325000000001,0.0011281618372050743,0.09045004400613262,-0.0031361311865470507,0.09607952,0.0008649303342816086,0.029417233319615873,-0.008394968029567814,0.03308937,0.0011204205636806735,0.03089950140299936,-0.00914592957511134,0.04929172000000001,0.0011236359058162506,16.0,0.009741001557072363,0.005271833273480226,0.005893479548950403,0.016378760972617125,5.86493593356701e-05,5.0455322797885505e-05,7.389188435488578e-05,4.855272115039417e-05,20.0,10.396222121270755,12.665944406238637,13.32409708390819,11.806290039639345,0.10407853582850106,0.14144572023860696,0.5833014635157359,0.20321671528147361
14,1.0,0.1000068160869348,0.012804641144116263,0.10980442999999998,0.0005017517097967388,0.09045004400613262,-0.0031361311865470507,0.09431652000000001,0.0004540590669141114,0.029417233319615873,-0.008394968029567814,0.03051258,0.00040232528354277935,0.03089950140299936,-0.00914592957511134,0.04719646,0.0004895937119341218,64.0,0.010490117537954735,0.005413637191273713,0.005894475917736483,0.016182600186133968,3.368638690886682e-05,4.390339053073745e-05,4.540890190234019e-05,4.956647699054098e-05,20.0,10.755590259094003,12.885724818456955,13.192826207792203,11.732815295458451,0.05333113015368302,0.21622155223828196,0.303529261295637,0.23437355957884828
15,1.0,0.1000068160869348,0.012804641144116263,0.79827678,0.12420087251581141,0.09045004400613262,-0.0031361311865470507,0.4990273700000001,0.06386954259894177,0.029417233319615873,-0.008394968029567814,-0.31125852,0.053090846279228235,0.03089950140299936,-0.00914592957511134,-0.5352705999999999,0.09551484254549973,4.0,0.0015218099552890226,0.0047890539733551315,0.0047537594508754045,0.016248409870480186,0.0005322296489024302,0.00022969154617406663,0.0004487387302390017,0.0003782243509164125,16.0,5.9092771691446115,12.170952278307826,11.020807768096356,12.995074008836387,2.7634781220193663,0.9607687734888395,1.115950804425522,0.6270488987320023
16,1.0,0.1000068160869348,0.012804641144116263,0.12479265,0.0016174007147767963,0.09045004400613262,-0.0031361311865470507,0.10939017999999999,0.0016346080100043466,0.029417233319615873,-0.008394968029567814,0.020585740000000005,0.0024318835790441726,0.03089950140299936,-0.00914592957511134,0.05571003999999999,0.0019644096407299043,8.0,0.0060643542351658235,0.004870423968684165,0.0050431003935782395,0.015849181314099924,0.000176343463153234,0.00011748608669864053,0.0003073846962301447,0.000370164866021697,16.0,14.231356977340772,12.073829055513269,12.069730847227632,12.703547300518638,0.6585474337894826,0.36396701311026225,1.4446403618735817,0.6376127010492754
17,1.0,0.1000068160869348,0.012804641144116263,0.12101107,0.0010228834864860839,0.09045004400613262,-0.0031361311865470507,0.10321231,0.0009352797383670826,0.029417233319615873,-0.008394968029567814,0.031315499999999996,0.0007914589898362341,0.03089950140299936,-0.00914592957511134,0.05477683000000001,0.0008644320643286587,16.0,0.008335041104762072,0.004716864944164963,0.005416207738940927,0.015503236803069148,7.686418874361368e-05,5.938639229204685e-05,0.0001540695603631804,0.00038837782453839435,16.0,12.692109989454593,11.480076246497,13.256768737776747,12.334789516071904,0.31832455042210334,0.43376886698528366,0.5487288577019052,0.5568579205802051
18,1.0,0.1000068160869348,0.012804641144116263,0.11879673,0.0009529437108569054,0.09045004400613262,-0.0031361311865470507,0.09637041,0.0006655513653086422,0.029417233319615873,-0.008394968029567814,0.02860981,0.0007749022087963943,0.03089950140299936,-0.00914592957511134,0.06325066,0.0007973188982342528,64.0,0.009877742394005079,0.004772621147345672,0.005450640986126012,0.015186651503718063,5.435784250949778e-05,5.943750996666057e-05,0.00016403665378313315,0.0003842085624624578,16.0,11.632276391542666,12.073322162934334,13.04472663140707,12.276383257038216,0.11433136590208712,0.2622978239871094,0.622188137149457,0.6540487501651614
19,1.0,0.1000068160869348,0.012804641144116263,0.12382230000000001,0.0018917966437969704,0.09045004400613262,-0.0031361311865470507,0.12330562000000003,0.0018913705804371626,0.029417233319615873,-0.008394968029567814,0.00311627,0.0024331200167305393,0.03089950140299936,-0.00914592957511134,0.0006583099999999997,0.0029312343658463276,4.0,0.006712933678927295,0.005442595355784287,0.006217308662843164,0.016513565754090492,0.00024279744999979177,0.00010409047230916517,0.00013486457890632454,9.525187423883795e-05,32.0,10.745292193711748,12.098998978726359,13.49709956950925,12.221136759137721,0.5291929518737867,0.3364397666644695,0.45215618238382466,0.07642676112089454
20,1.0,0.1000068160869348,0.012804641144116263,0.11088415000000001,0.0008942171831714101,0.09045004400613262,-0.0031361311865470507,0.10038665000000002,0.0007244830624079825,0.029417233319615873,-0.008394968029567814,0.02448866,0.0008007947588042738,0.03089950140299936,-0.00914592957511134,0.04010388,0.000918123421972944,16.0,0.01006869470448938,0.0055150640078155694,0.006170732733989541,0.01650650105137356,3.2848027122017686e-05,4.923998355086727e-05,3.4931823210979935e-05,5.8116985366977646e-05,32.0,11.680416912891287,13.365773019752993,14.233324638120425,12.18677332806555,0.1308993442691958,0.20747556004765724,0.1972774142451757,0.048368293026393276
21,1.0,0.1000068160869348,0.012804641144116263,0.10952110999999998,0.0010978437247904315,0.09045004400613262,-0.0031361311865470507,0.10195286000000002,0.000928667506872608,0.029417233319615873,-0.008394968029567814,0.023008829999999997,0.0011329422386254866,0.03089950140299936,-0.00914592957511134,0.03235126000000001,0.0014426143439029602,8.0,0.008900110042975015,0.005526561715599888,0.00618107161574888,0.016587780693234376,8.887808160850053e-05,6.978766805000109e-05,8.02177199112214e-05,7.909608828782002e-05,32.0,11.410017338483819,12.827608395668681,13.864064682133284,12.203104904428539,0.11148132057488823,0.32542364828571896,0.29450955319632266,0.07647528000743753
22,1.0,0.1000068160869348,0.012804641144116263,0.10815666,0.00037604804302996574,0.09045004400613262,-0.0031361311865470507,0.09486025999999999,0.0002443144817142624,0.029417233319615873,-0.008394968029567814,0.0313544,0.0008064256984747532,0.03089950140299936,-0.00914592957511134,0.04135864,0.00037805146236660823,64.0,0.010962733205061064,0.005494287658671047,0.006160840865024912,0.016451863273468075,2.0926911561085695e-05,3.310052580295294e-05,2.2744084935464238e-05,4.261954883705591e-05,32.0,11.736168172975496,13.517818288692567,14.365917176192099,12.122081420216436,0.04788592318030141,0.10308246375374312,0.11217799015166034,0.05796302676417492
23,1.0,0.1000068160869348,0.012804641144116263,0.11621434000000003,0.0016497023973439777,0.09045004400613262,-0.0031361311865470507,0.10365351,0.002026514115752879,0.029417233319615873,-0.008394968029567814,0.0260376,0.0018962292272355213,0.03089950140299936,-0.00914592957511134,0.04468852,0.002392395763576806,4.0,0.00666684129733232,0.004996988177076579,0.005686843125489531,0.016534289663447502,0.00016914248321747333,0.0001209469569202442,0.000281988803430352,0.00012168653736664864,20.0,7.635699788308448,11.546889399096319,12.616972312408242,12.047102947802363,0.23795062355290972,0.5312869129805855,0.9494819052357982,0.1975106957009271
24,3.0,0.30001084103183007,0.012804641144116263,0.32730298,0.0009662206946732285,0.10365291050137015,-0.0031361311865470507,0.11279849,0.0027017108321132394,0.1426820869904912,-0.008394968029567814,0.14266776,0.001146093497812633,0.24270228868566296,-0.00914592957511134,0.27195331000000006,0.0018872828745331695,8.0,0.008480251477325246,0.005319771182707547,0.005634068836719046,0.016388507855145146,0.00011106095518534056,9.159487670584699e-05,0.00015718029871931264,0.00013352345119635914,20.0,11.392797447256575,11.696108685517,12.549438248556225,11.782475602270814,0.6545437597112961,0.4186578606211459,0.9369324512643165,0.37685108230126035
25,3.0,0.30001084103183007,0.012804641144116263,0.32754370999999993,0.001166828406402442,0.10365291050137015,-0.0031361311865470507,0.10868470000000002,0.0014849180853659626,0.1426820869904912,-0.008394968029567814,0.14452284999999998,0.0009444468733628911,0.24270228868566296,-0.00914592957511134,0.27304992,0.0013763174436261531,16.0,0.00971280336283276,0.0054129494516001585,0.0058155113877367045,0.016415544619660632,8.297004842109793e-05,4.582211457965185e-05,0.00012560987323942329,0.00012877315581540745,20.0,12.397648045838874,11.536561453984316,13.000681407477135,11.841198735035093,0.5315688379944316,0.3989461881162412,0.5397410485984322,0.31674635250079
26,3.0,0.30001084103183007,0.012804641144116263,0.32994064,0.0012156196891673662,0.10365291050137015,-0.0031361311865470507,0.10785782999999999,0.0007631556671859447,0.1426820869904912,-0.008394968029567814,0.14761543000000002,0.0008466895166135051,0.24270228868566296,-0.00914592957511134,0.27464773,0.0009468766787199398,64.0,0.010624178868595423,0.005363820496468936,0.005863962160117041,0.016263752313932407,0.00012987213245297852,4.651520672383098e-05,5.382639260517594e-05,8.422957403051309e-05,20.0,12.847415368877705,11.861614189507339,13.003701004136744,11.757145535842804,0.6159195371661255,0.2368987460206592,0.6498011871674301,0.3308196111247643
27,3.0,0.30001084103183007,0.012804641144116263,0.8049353,0.12230947456748223,0.10365291050137015,-0.0031361311865470507,0.59651516,0.06844204232575578,0.1426820869904912,-0.008394968029567814,-0.25420107,0.05727147139577694,0.24270228868566296,-0.00914592957511134,-0.44429542,0.10347994451599324,4.0,0.0013921101807011142,0.004643789848110796,0.00494929598872258,0.015965479470783417,0.0005917713116984555,0.00016505215375993827,0.0004187125353930473,0.0003394524832599518,16.0,5.60049265305632,11.374666627719307,12.443295138228319,12.803421536760833,2.7711856911854653,0.8512619604422217,1.5049921644186997,0.39130209047023257
28,3.0,0.30001084103183007,0.012804641144116263,0.32206632999999996,0.004657945752088049,0.10365291050137015,-0.0031361311865470507,0.12093872000000001,0.002120136943445625,0.1426820869904912,-0.008394968029567814,0.13534314000000003,0.0022977207112084034,0.24270228868566296,-0.00914592957511134,0.26575073000000005,0.005620594206187602,8.0,0.006053260308997428,0.004707037983761403,0.005025337633882151,0.015583995484512309,0.0002974800385149445,0.00014412204790806564,0.00036347569914037714,0.0004193815917962949,16.0,16.637358371591848,11.51221350772575,12.560005369601535,12.355023553700297,1.1807804784104443,0.36932586130555295,0.7262059079600882,0.6962635389678197
29,3.0,0.30001084103183007,0.012804641144116263,0.33157159,0.002848804775645525,0.10365291050137015,-0.0031361311865470507,0.11312659000000001,0.0012928187411215325,0.1426820869904912,-0.008394968029567814,0.14357425999999998,0.0015836946479905998,0.24270228868566296,-0.00914592957511134,0.27652532,0.003409336505770624,16.0,0.007748323403098724,0.004741847768454401,0.005209338603444909,0.0154807360819449,0.00022392669395729446,8.626472150457794e-05,0.00024248730671166713,0.0004228386871098554,16.0,13.114579929542298,11.860496800835929,13.056372841410845,12.37894581539164,0.7594352729568125,0.6285055667767889,0.5852940789663632,0.7030572548554537
30,3.0,0.30001084103183007,0.012804641144116263,0.33698727,0.0022852749481527008,0.10365291050137015,-0.0031361311865470507,0.10978318000000001,0.000667912694782673,0.1426820869904912,-0.008394968029567814,0.15240708000000003,0.0010183833290509463,0.24270228868566296,-0.00914592957511134,0.27977608000000004,0.002102154927029537,64.0,0.009409991442056464,0.004748387830948458,0.00531947848870774,0.015348934885096557,0.00033957350273049224,3.7122646884193396e-05,0.00018133798899537068,0.0005093841942694173,16.0,13.11337600701999,11.218037195249131,13.126115438076113,12.287039545270318,1.0075099901800202,0.22276107188480196,0.7912380390796406,0.8195648007388023
31,3.0,0.30001084103183007,0.012804641144116263,0.29006336,0.0020068875538080426,0.10365291050137015,-0.0031361311865470507,0.13775483,0.001374235553429124,0.1426820869904912,-0.008394968029567814,0.11295456,0.0034807168136519687,0.24270228868566296,-0.00914592957511134,0.22870692000000004,0.0013129776874920042,4.0,0.006337797821250999,0.005414631599495156,0.0057981527807066694,0.01655683117050844,0.0001858607487376238,0.00011588030169177805,0.0001031786595031873,0.00016853420307103142,32.0,13.107720432653872,11.539935413065859,13.19293805358898,11.937934144096513,0.8872444752887336,0.3568805262633071,0.2791335153114088,0.10699711659912502
32,3.0,0.30001084103183007,0.012804641144116263,0.30978123999999996,0.0008228865783266362,0.10365291050137015,-0.0031361311865470507,0.11618508999999999,0.0007093291166071403,0.1426820869904912,-0.008394968029567814,0.13147583,0.001526406728723976,0.24270228868566296,-0.00914592957511134,0.25524949,0.0010986632531466707,8.0,0.008682046482126336,0.005490420204149996,0.005916522071706086,0.016637289477458756,8.199549403220592e-05,9.119307324872446e-05,9.153726063670279e-05,6.177128749540624e-05,32.0,13.263281946727654,11.96778423916656,13.052362998879127,11.847800443943473,0.2693439345652559,0.2814104737251372,0.36636821339311537,0.08371543301363721
33,3.0,0.30001084103183007,0.012804641144116263,0.31711475000000006,0.0004672798268756524,0.10365291050137015,-0.0031361311865470507,0.11117516999999999,0.0005683175748982888,0.1426820869904912,-0.008394968029567814,0.13939943000000002,0.0011808991838770481,0.24270228868566296,-0.00914592957511134,0.2622128900000001,0.0004836796890428549,16.0,0.00989468943387984,0.005620328568835648,0.006051697862233455,0.016559642095483273,9.182465862807236e-05,3.737756449575824e-05,5.07507031428241e-05,7.785129635395097e-05,32.0,13.411185646258255,12.34260458842025,13.094243440508766,11.90276805416151,0.1191255330306883,0.21426722785000726,0.19312265182768817,0.08394654742069825
34,3.0,0.30001084103183007,0.012804641144116263,0.31507087,0.0006604499650303898,0.10365291050137015,-0.0031361311865470507,0.10515871000000002,0.0002810876153773389,0.1426820869904912,-0.008394968029567814,0.14444288000000002,0.0006288338646521296,0.24270228868566296,-0.00914592957511134,0.25950767,0.0006110828870351068,64.0,0.011007975783443688,0.005574505515669875,0.006024886788881931,0.01667473018008391,7.910856567461342e-05,3.332361476824828e-05,4.01091525863395e-05,5.845066330945496e-05,32.0,13.346294117096747,13.155082969893906,13.566805024789915,11.795677950239437,0.1393900676816296,0.12687043402576262,0.14230659881877974,0.03873969118422179
35,3.0,0.30001084103183007,0.012804641144116263,0.31961747000000007,0.0022917869869046956,0.10365291050137015,-0.0031361311865470507,0.12367249999999999,0.004441935121343199,0.1426820869904912,-0.008394968029567814,0.14035300000000003,0.003222554874246655,0.24270228868566296,-0.00914592957511134,0.25858761,0.0033797836188847203,4.0,0.006552475131006914,0.00527974689450102,0.0054297179036740745,0.016636132908827,0.00016879425954023948,0.00018407456829655104,0.00015558796126815985,0.0001928143485783981,20.0,9.805052228345536,11.696402563758168,11.352132941072766,12.294220501838812,0.33176592308802627,0.46984089720758204,0.952598115636572,0.4097965124051838
36,5.0,0.5000778700856958,0.012804641144116263,0.54694082,0.0012612711803260126,0.004337927795641366,-0.0031361311865470507,0.009501870000000003,0.003621588728791022,0.009259162793993204,-0.008394968029567814,0.00803827,0.002988333399849207,0.4999733257247232,-0.00914592957511134,0.54663602,0.0012535159134940072,8.0,0.008699476966514116,0.005569891032013222,0.005432250012274301,0.01637430036180295,0.0003184391949825543,0.00011519546859485657,0.0004153140848118445,0.00012410537720809801,20.0,10.3832916634701,13.79285415684296,12.802786701893336,12.468457581728448,1.2443041055834765,0.5527129253204933,0.8393145356606945,0.39709612207139544
37,5.0,0.5000778700856958,0.012804641144116263,0.5545590800000001,0.0015945534837512405,0.004337927795641366,-0.0031361311865470507,0.011733480000000001,0.0005042671863796606,0.009259162793993204,-0.008394968029567814,0.011359230000000001,0.0017071034343495131,0.4999733257247232,-0.00914592957511134,0.5542951,0.0016083781495962815,16.0,0.009428709030167676,0.005390202139535989,0.005277755190493396,0.01589346613734046,5.901530188071608e-05,7.276399521054204e-05,0.00011913016315922937,0.00015881506807128624,20.0,10.971089892062976,14.16859327991053,12.565805433408089,12.005183042848461,0.7158263763744234,0.562136087989706,0.3164445640942044,0.44786594338420116
38,5.0,0.5000778700856958,0.012804641144116263,0.5567330100000001,0.002567984217407073,0.004337927795641366,-0.0031361311865470507,0.00987709,0.0004438121431221952,0.009259162793993204,-0.008394968029567814,0.009886530000000003,0.0005691777177062831,0.4999733257247232,-0.00914592957511134,0.5565538900000001,0.002564947306100864,64.0,0.01039716959834742,0.005467000615592703,0.005347630658049649,0.015643316088561864,0.0001172566323655534,7.096430151072515e-05,8.04502859070139e-05,0.00014714600790990457,20.0,11.170288279165938,14.274993385171769,12.716486609337764,11.845462639779797,0.4819337442555831,0.450404655805878,0.6724583634611443,0.5316118501005058
39,5.0,0.5000778700856958,0.012804641144116263,0.79809369,0.13623467044829,0.004337927795641366,-0.0031361311865470507,0.5594805100000001,0.07965894945350716,0.009259162793993204,-0.008394968029567814,-0.4461680700000001,0.0662527270828908,0.4999733257247232,-0.00914592957511134,-0.26412204,0.12094816023728822,4.0,0.001108006581998763,0.005126089434007783,0.004614170653830017,0.016392446384516333,0.00042467550074856074,0.0002478591403373812,0.0003234106594825372,0.0002791892600286346,16.0,4.986788783297764,15.512235685542759,11.66952726535325,13.051197224741191,1.2618981778699843,1.4365502071700331,0.9878015567402825,0.4666150252202725
40,5.0,0.5000778700856958,0.012804641144116263,0.54095974,0.003073806642962598,0.004337927795641366,-0.0031361311865470507,0.01576136,0.0034570981932936294,0.009259162793993204,-0.008394968029567814,0.01052924,0.002988256160751887,0.4999733257247232,-0.00914592957511134,0.54046562,0.003190760969060359,8.0,0.006303502166252882,0.0052353859373727735,0.005078010091238444,0.016265270564794317,0.00026197556962776755,0.00019579255681350183,0.00027301671961062624,0.0003723869322544717,16.0,13.104497798448438,14.593098070202672,12.491951808320522,12.770871384621026,1.2915673687464,0.7629594006120849,0.9054562867472901,0.5751367115914334
41,5.0,0.5000778700856958,0.012804641144116263,0.55171034,0.002714920349749045,0.004337927795641366,-0.0031361311865470507,0.0077873000000000005,0.0026758415352885366,0.009259162793993204,-0.008394968029567814,0.0136581,0.0017516368075123617,0.4999733257247232,-0.00914592957511134,0.55140814,0.0027893015954571433,16.0,0.008588758775485567,0.0053315702046663185,0.005413557292647746,0.015894817490856146,0.0001435357060560795,0.00018828254513287491,0.00017405919897480634,0.0003749822475919768,16.0,11.825132138302168,14.386931479320257,13.375124266703585,12.646765412574663,0.5890468213748636,0.3515194803699297,0.6312057608075101,0.6356627512025261
42,5.0,0.5000778700856958,0.012804641144116263,0.55363973,0.0005502108807954237,0.004337927795641366,-0.0031361311865470507,0.009178110000000001,0.002238773480038998,0.009259162793993204,-0.008394968029567814,0.018775029999999998,0.0014373058441549506,0.4999733257247232,-0.00914592957511134,0.5531931999999999,0.0005691137936506687,64.0,0.010286788190143267,0.0054244725825561705,0.005269261236119682,0.01565762812040612,4.380848717947524e-05,0.00010316925043899023,0.00015340150581704496,0.0004171919648837058,16.0,11.446799298379377,14.493446443267889,12.844817024685833,12.456732353478795,0.23784522329170116,0.4788478529536369,0.6721525437646287,0.7120511001439889
43,5.0,0.5000778700856958,0.012804641144116263,0.51213852,0.002411444375575318,0.004337927795641366,-0.0031361311865470507,0.021849650000000005,0.0024524856919958668,0.009259162793993204,-0.008394968029567814,-0.013616960000000001,0.001443367632147425,0.4999733257247232,-0.00914592957511134,0.51142496,0.00246076385858207,4.0,0.0067065995978419874,0.00559823816504523,0.005798724645235195,0.016721978396129836,0.0002499160566451167,9.391186249728089e-05,9.919553609785783e-05,0.00010360470551450624,32.0,11.18330046985018,12.211330272086707,12.274644650602127,12.201687751428558,0.4643394751190424,0.3288447751138517,0.35525977604570724,0.14057278017116134
44,5.0,0.5000778700856958,0.012804641144116263,0.5318800900000001,0.0010843617414331584,0.004337927795641366,-0.0031361311865470507,0.010828810000000001,0.00168327933125334,0.009259162793993204,-0.008394968029567814,0.00258933,0.001759429168445771,0.4999733257247232,-0.00914592957511134,0.5317179200000001,0.0011126119634379246,8.0,0.009000546903612894,0.005679146145355442,0.005850597829512269,0.01681519563770688,0.00017094529366189947,5.873621183203503e-05,8.962247563708254e-05,0.00011172526892668626,32.0,11.565402217424992,12.760775590912012,12.946864821319778,12.104187028187827,0.21511038307710736,0.34941161534798587,0.14818135644252378,0.1277609725888167
45,5.0,0.5000778700856958,0.012804641144116263,0.5377514,0.0011061578764599176,0.004337927795641366,-0.0031361311865470507,0.00541196,0.0008991114170648131,0.009259162793993204,-0.008394968029567814,0.01356212,0.0007130440908570609,0.4999733257247232,-0.00914592957511134,0.53754297,0.0011201565709619127,16.0,0.010464045781585727,0.0057799613127121775,0.00597816569436784,0.016774056343628593,0.00013480642577973768,5.8896722974844075e-05,4.460118711465022e-05,8.324429972963038e-05,32.0,11.447084608014219,13.118073582213947,12.703213179537936,12.111782373961208,0.12346893420885267,0.2343907988655461,0.18770790724626352,0.09724846278321275
46,5.0,0.5000778700856958,0.012804641144116263,0.53273534,0.0006211036845511047,0.004337927795641366,-0.0031361311865470507,0.00044994,0.00033159016322213035,0.009259162793993204,-0.008394968029567814,0.01293463,0.0004955482692663144,0.4999733257247232,-0.00914592957511134,0.53257539,0.0006221691204424272,64.0,0.011456909396666498,0.005751046830783083,0.005902942399119449,0.016690953938949617,8.600886501450833e-05,3.7898553918779946e-05,5.351399189232356e-05,8.797973445949112e-05,32.0,11.457372895916274,13.43567973057495,12.896216859404735,12.106911111548053,0.054047128214515114,0.12545260511008532,0.09651601976668685,0.10443852489046158
47,5.0,0.5000778700856958,0.012804641144116263,0.5218608100000001,0.010110770982172342,0.004337927795641366,-0.0031361311865470507,0.030747760000000002,0.009577802388640718,0.009259162793993204,-0.008394968029567814,-0.0037605400000000028,0.007577040699574759,0.4999733257247232,-0.00914592957511134,0.51946485,0.011943101947513635,4.0,0.0063786624416829005,0.0055308182014565475,0.005369723002306525,0.016581241714335147,0.00037603676862171153,0.000199997831657741,0.00013995974880159093,0.0001347639440187108,20.0,8.357928435357021,14.334022163564333,12.058318187250645,12.505060798619963,0.1960367883397313,0.6867387601699954,1.0081094581900214,0.40185315588620873
